[{"model": "admin.logentry", "pk": 1, "fields": {"action_time": "2023-11-08T08:06:27.100Z", "user": 1, "content_type": 7, "object_id": "1", "object_repr": "Phone Charm", "action_flag": 1, "change_message": "[{\"added\": {}}]"}}, {"model": "admin.logentry", "pk": 2, "fields": {"action_time": "2023-11-08T08:12:23.553Z", "user": 1, "content_type": 7, "object_id": "1", "object_repr": "Phone Charm", "action_flag": 2, "change_message": "[{\"changed\": {\"fields\": [\"Discounted price\"]}}]"}}, {"model": "admin.logentry", "pk": 3, "fields": {"action_time": "2023-11-08T08:17:51.622Z", "user": 1, "content_type": 7, "object_id": "2", "object_repr": "Blue PhoneCharm", "action_flag": 1, "change_message": "[{\"added\": {}}]"}}, {"model": "admin.logentry", "pk": 4, "fields": {"action_time": "2023-11-08T08:18:03.621Z", "user": 1, "content_type": 7, "object_id": "1", "object_repr": "Key-Chain", "action_flag": 2, "change_message": "[{\"changed\": {\"fields\": [\"Title\"]}}]"}}, {"model": "admin.logentry", "pk": 5, "fields": {"action_time": "2023-11-08T09:59:03.084Z", "user": 1, "content_type": 7, "object_id": "3", "object_repr": "Couple Bracelet", "action_flag": 1, "change_message": "[{\"added\": {}}]"}}, {"model": "admin.logentry", "pk": 6, "fields": {"action_time": "2023-11-08T10:03:00.992Z", "user": 1, "content_type": 7, "object_id": "4", "object_repr": "Waist bead", "action_flag": 1, "change_message": "[{\"added\": {}}]"}}, {"model": "admin.logentry", "pk": 7, "fields": {"action_time": "2023-11-08T10:16:36.651Z", "user": 1, "content_type": 7, "object_id": "5", "object_repr": "Ring", "action_flag": 1, "change_message": "[{\"added\": {}}]"}}, {"model": "admin.logentry", "pk": 8, "fields": {"action_time": "2023-11-26T05:11:29.303Z", "user": 1, "content_type": 7, "object_id": "6", "object_repr": "Waist Chain", "action_flag": 1, "change_message": "[{\"added\": {}}]"}}, {"model": "admin.logentry", "pk": 9, "fields": {"action_time": "2023-11-26T05:27:41.637Z", "user": 1, "content_type": 7, "object_id": "7", "object_repr": "Beads Rings", "action_flag": 1, "change_message": "[{\"added\": {}}]"}}, {"model": "admin.logentry", "pk": 10, "fields": {"action_time": "2023-11-26T05:30:41.430Z", "user": 1, "content_type": 7, "object_id": "8", "object_repr": "Necklace", "action_flag": 1, "change_message": "[{\"added\": {}}]"}}, {"model": "admin.logentry", "pk": 11, "fields": {"action_time": "2023-11-26T05:32:41.226Z", "user": 1, "content_type": 7, "object_id": "9", "object_repr": "Beads Choker", "action_flag": 1, "change_message": "[{\"added\": {}}]"}}, {"model": "admin.logentry", "pk": 12, "fields": {"action_time": "2023-11-26T05:35:14.303Z", "user": 1, "content_type": 7, "object_id": "10", "object_repr": "Earring", "action_flag": 1, "change_message": "[{\"added\": {}}]"}}, {"model": "admin.logentry", "pk": 13, "fields": {"action_time": "2023-12-05T07:43:07.715Z", "user": 1, "content_type": 7, "object_id": "11", "object_repr": "Necklace", "action_flag": 1, "change_message": "[{\"added\": {}}]"}}, {"model": "admin.logentry", "pk": 14, "fields": {"action_time": "2023-12-05T07:45:41.363Z", "user": 1, "content_type": 7, "object_id": "12", "object_repr": "Fairy Necklace", "action_flag": 1, "change_message": "[{\"added\": {}}]"}}, {"model": "admin.logentry", "pk": 15, "fields": {"action_time": "2023-12-05T07:46:05.138Z", "user": 1, "content_type": 7, "object_id": "11", "object_repr": "Blue Charm Necklace", "action_flag": 2, "change_message": "[{\"changed\": {\"fields\": [\"Title\"]}}]"}}, {"model": "admin.logentry", "pk": 16, "fields": {"action_time": "2023-12-05T12:44:13.374Z", "user": 1, "content_type": 7, "object_id": "13", "object_repr": "Gothic Necklace", "action_flag": 1, "change_message": "[{\"added\": {}}]"}}, {"model": "admin.logentry", "pk": 17, "fields": {"action_time": "2023-12-05T12:57:48.303Z", "user": 1, "content_type": 7, "object_id": "14", "object_repr": "Men choker", "action_flag": 1, "change_message": "[{\"added\": {}}]"}}, {"model": "admin.logentry", "pk": 18, "fields": {"action_time": "2023-12-05T12:58:26.848Z", "user": 1, "content_type": 7, "object_id": "15", "object_repr": "Star Choker", "action_flag": 1, "change_message": "[{\"added\": {}}]"}}, {"model": "admin.logentry", "pk": 19, "fields": {"action_time": "2023-12-05T13:03:04.344Z", "user": 1, "content_type": 7, "object_id": "15", "object_repr": "Star Choker", "action_flag": 2, "change_message": "[]"}}, {"model": "admin.logentry", "pk": 20, "fields": {"action_time": "2023-12-05T13:05:10.321Z", "user": 1, "content_type": 7, "object_id": "5", "object_repr": "Ring", "action_flag": 2, "change_message": "[{\"changed\": {\"fields\": [\"Category\"]}}]"}}, {"model": "admin.logentry", "pk": 21, "fields": {"action_time": "2023-12-05T16:39:41.032Z", "user": 1, "content_type": 7, "object_id": "8", "object_repr": "Necklace", "action_flag": 2, "change_message": "[{\"changed\": {\"fields\": [\"Prodapp\"]}}]"}}, {"model": "admin.logentry", "pk": 22, "fields": {"action_time": "2023-12-17T15:40:24.168Z", "user": 1, "content_type": 4, "object_id": "2", "object_repr": "Sneha", "action_flag": 3, "change_message": ""}}, {"model": "admin.logentry", "pk": 23, "fields": {"action_time": "2024-01-09T10:53:13.749Z", "user": 1, "content_type": 4, "object_id": "1", "object_repr": "root", "action_flag": 2, "change_message": "[{\"changed\": {\"fields\": [\"Email address\"]}}]"}}, {"model": "admin.logentry", "pk": 24, "fields": {"action_time": "2024-01-12T09:13:27.420Z", "user": 1, "content_type": 7, "object_id": "1", "object_repr": "Key-Chain", "action_flag": 2, "change_message": "[]"}}, {"model": "admin.logentry", "pk": 25, "fields": {"action_time": "2024-01-12T09:28:58.593Z", "user": 1, "content_type": 7, "object_id": "1", "object_repr": "Key-Chain", "action_flag": 3, "change_message": ""}}, {"model": "admin.logentry", "pk": 26, "fields": {"action_time": "2024-01-12T09:35:58.509Z", "user": 1, "content_type": 7, "object_id": "16", "object_repr": "KeyChain", "action_flag": 1, "change_message": "[{\"added\": {}}]"}}, {"model": "admin.logentry", "pk": 27, "fields": {"action_time": "2024-01-12T09:38:19.142Z", "user": 1, "content_type": 7, "object_id": "17", "object_repr": "Phone Charm", "action_flag": 1, "change_message": "[{\"added\": {}}]"}}, {"model": "admin.logentry", "pk": 28, "fields": {"action_time": "2024-01-12T10:10:36.980Z", "user": 1, "content_type": 7, "object_id": "18", "object_repr": "Shiny charm", "action_flag": 1, "change_message": "[{\"added\": {}}]"}}, {"model": "admin.logentry", "pk": 29, "fields": {"action_time": "2024-02-16T11:33:27.378Z", "user": 1, "content_type": 7, "object_id": "19", "object_repr": "Pink Peach phone charm", "action_flag": 1, "change_message": "[{\"added\": {}}]"}}, {"model": "admin.logentry", "pk": 30, "fields": {"action_time": "2024-02-16T11:49:41.194Z", "user": 1, "content_type": 7, "object_id": "20", "object_repr": "Star KeyChain", "action_flag": 1, "change_message": "[{\"added\": {}}]"}}, {"model": "admin.logentry", "pk": 31, "fields": {"action_time": "2024-02-16T11:51:39.379Z", "user": 1, "content_type": 7, "object_id": "21", "object_repr": "Clear Heart keychain", "action_flag": 1, "change_message": "[{\"added\": {}}]"}}, {"model": "admin.logentry", "pk": 32, "fields": {"action_time": "2024-02-16T11:57:06.691Z", "user": 1, "content_type": 7, "object_id": "22", "object_repr": "Star Charm Necklace", "action_flag": 1, "change_message": "[{\"added\": {}}]"}}, {"model": "admin.logentry", "pk": 33, "fields": {"action_time": "2024-02-16T12:25:30.383Z", "user": 1, "content_type": 7, "object_id": "23", "object_repr": "Aqua Crystal Ring", "action_flag": 1, "change_message": "[{\"added\": {}}]"}}, {"model": "admin.logentry", "pk": 34, "fields": {"action_time": "2024-02-16T12:26:48.204Z", "user": 1, "content_type": 7, "object_id": "24", "object_repr": "Star Clips", "action_flag": 1, "change_message": "[{\"added\": {}}]"}}, {"model": "admin.logentry", "pk": 35, "fields": {"action_time": "2024-02-20T16:57:31.154Z", "user": 1, "content_type": 10, "object_id": "2", "object_repr": "Wishlist object (2)", "action_flag": 3, "change_message": ""}}, {"model": "admin.logentry", "pk": 36, "fields": {"action_time": "2024-02-21T04:58:57.793Z", "user": 1, "content_type": 7, "object_id": "25", "object_repr": "Bracelet", "action_flag": 1, "change_message": "[{\"added\": {}}]"}}, {"model": "admin.logentry", "pk": 37, "fields": {"action_time": "2024-02-21T08:19:29.799Z", "user": 1, "content_type": 7, "object_id": "26", "object_repr": "PurpleBlackOnyx", "action_flag": 1, "change_message": "[{\"added\": {}}]"}}, {"model": "admin.logentry", "pk": 38, "fields": {"action_time": "2024-02-21T08:22:17.761Z", "user": 1, "content_type": 7, "object_id": "27", "object_repr": "Shiny Necware", "action_flag": 1, "change_message": "[{\"added\": {}}]"}}, {"model": "admin.logentry", "pk": 39, "fields": {"action_time": "2024-02-21T08:23:49.006Z", "user": 1, "content_type": 7, "object_id": "28", "object_repr": "Gold Plated Rings", "action_flag": 1, "change_message": "[{\"added\": {}}]"}}, {"model": "admin.logentry", "pk": 40, "fields": {"action_time": "2024-02-21T08:26:47.922Z", "user": 1, "content_type": 7, "object_id": "29", "object_repr": "Braided Rings", "action_flag": 1, "change_message": "[{\"added\": {}}]"}}, {"model": "admin.logentry", "pk": 41, "fields": {"action_time": "2024-02-21T08:35:03.813Z", "user": 1, "content_type": 7, "object_id": "30", "object_repr": "CharmNecklace", "action_flag": 1, "change_message": "[{\"added\": {}}]"}}, {"model": "admin.logentry", "pk": 42, "fields": {"action_time": "2024-02-21T08:36:11.749Z", "user": 1, "content_type": 7, "object_id": "31", "object_repr": "GoldNecklace", "action_flag": 1, "change_message": "[{\"added\": {}}]"}}, {"model": "admin.logentry", "pk": 43, "fields": {"action_time": "2024-02-21T08:38:28.901Z", "user": 1, "content_type": 7, "object_id": "32", "object_repr": "Bow Earring", "action_flag": 1, "change_message": "[{\"added\": {}}]"}}, {"model": "admin.logentry", "pk": 44, "fields": {"action_time": "2024-02-21T08:41:34.794Z", "user": 1, "content_type": 7, "object_id": "33", "object_repr": "Flower Earring", "action_flag": 1, "change_message": "[{\"added\": {}}]"}}, {"model": "admin.logentry", "pk": 45, "fields": {"action_time": "2024-02-21T08:43:53.344Z", "user": 1, "content_type": 7, "object_id": "34", "object_repr": "Heart Pearl Earring", "action_flag": 1, "change_message": "[{\"added\": {}}]"}}, {"model": "admin.logentry", "pk": 46, "fields": {"action_time": "2024-02-21T08:47:01.380Z", "user": 1, "content_type": 7, "object_id": "35", "object_repr": "Heart Earring", "action_flag": 1, "change_message": "[{\"added\": {}}]"}}, {"model": "admin.logentry", "pk": 47, "fields": {"action_time": "2024-02-21T09:45:52.403Z", "user": 1, "content_type": 7, "object_id": "36", "object_repr": "WaistChain", "action_flag": 1, "change_message": "[{\"added\": {}}]"}}, {"model": "admin.logentry", "pk": 48, "fields": {"action_time": "2024-02-21T09:55:24.626Z", "user": 1, "content_type": 7, "object_id": "37", "object_repr": "Clip", "action_flag": 1, "change_message": "[{\"added\": {}}]"}}, {"model": "admin.logentry", "pk": 49, "fields": {"action_time": "2024-02-21T09:56:35.746Z", "user": 1, "content_type": 7, "object_id": "38", "object_repr": "Hair Clip", "action_flag": 1, "change_message": "[{\"added\": {}}]"}}, {"model": "admin.logentry", "pk": 50, "fields": {"action_time": "2024-02-21T09:57:00.349Z", "user": 1, "content_type": 7, "object_id": "9", "object_repr": "Beads Choker", "action_flag": 3, "change_message": ""}}, {"model": "admin.logentry", "pk": 51, "fields": {"action_time": "2024-02-21T09:58:50.712Z", "user": 1, "content_type": 7, "object_id": "39", "object_repr": "Pink Choker", "action_flag": 1, "change_message": "[{\"added\": {}}]"}}, {"model": "admin.logentry", "pk": 52, "fields": {"action_time": "2024-02-21T10:00:36.319Z", "user": 1, "content_type": 7, "object_id": "40", "object_repr": "Pearl Choker", "action_flag": 1, "change_message": "[{\"added\": {}}]"}}, {"model": "admin.logentry", "pk": 53, "fields": {"action_time": "2024-02-21T10:02:10.404Z", "user": 1, "content_type": 7, "object_id": "15", "object_repr": "Star Choker", "action_flag": 3, "change_message": ""}}, {"model": "admin.logentry", "pk": 54, "fields": {"action_time": "2024-02-21T10:02:41.772Z", "user": 1, "content_type": 7, "object_id": "40", "object_repr": "Pearl Choker", "action_flag": 2, "change_message": "[{\"changed\": {\"fields\": [\"Prodapp\"]}}]"}}, {"model": "admin.logentry", "pk": 55, "fields": {"action_time": "2024-02-21T13:51:52.722Z", "user": 1, "content_type": 7, "object_id": "41", "object_repr": "Green Beaded Ring", "action_flag": 1, "change_message": "[{\"added\": {}}]"}}, {"model": "admin.logentry", "pk": 56, "fields": {"action_time": "2024-03-04T15:35:19.368Z", "user": 1, "content_type": 14, "object_id": "1", "object_repr": "Materials used to make a JellyFish Charm", "action_flag": 1, "change_message": "[{\"added\": {}}]"}}, {"model": "admin.logentry", "pk": 57, "fields": {"action_time": "2024-03-04T15:43:13.064Z", "user": 1, "content_type": 8, "object_id": "7", "object_repr": "Sniti Bega", "action_flag": 3, "change_message": ""}}, {"model": "admin.logentry", "pk": 58, "fields": {"action_time": "2024-03-04T15:43:38.595Z", "user": 1, "content_type": 8, "object_id": "6", "object_repr": "Ranjana Mahato", "action_flag": 2, "change_message": "[{\"changed\": {\"fields\": [\"User\", \"Name\", \"Mobile\"]}}]"}}, {"model": "admin.logentry", "pk": 59, "fields": {"action_time": "2024-03-04T15:43:56.146Z", "user": 1, "content_type": 8, "object_id": "5", "object_repr": "Neha Mehanter", "action_flag": 2, "change_message": "[{\"changed\": {\"fields\": [\"User\", \"Name\", \"Mobile\"]}}]"}}, {"model": "admin.logentry", "pk": 60, "fields": {"action_time": "2024-03-04T15:44:13.506Z", "user": 1, "content_type": 8, "object_id": "3", "object_repr": "WOW", "action_flag": 2, "change_message": "[{\"changed\": {\"fields\": [\"User\", \"Name\", \"Mobile\"]}}]"}}, {"model": "admin.logentry", "pk": 61, "fields": {"action_time": "2024-03-04T15:47:05.347Z", "user": 1, "content_type": 14, "object_id": "2", "object_repr": "Brief Details about the beads and the chamrs needed to make a necklace", "action_flag": 1, "change_message": "[{\"added\": {}}]"}}, {"model": "admin.logentry", "pk": 62, "fields": {"action_time": "2024-03-05T02:41:48.956Z", "user": 1, "content_type": 14, "object_id": "2", "object_repr": "Brief Details about the beads and the chamrs needed to make a necklace", "action_flag": 2, "change_message": "[{\"changed\": {\"fields\": [\"Is deleted\"]}}]"}}, {"model": "admin.logentry", "pk": 63, "fields": {"action_time": "2024-03-05T02:47:48.056Z", "user": 1, "content_type": 14, "object_id": "3", "object_repr": "Tutorial to use pilers and close jump ring", "action_flag": 1, "change_message": "[{\"added\": {}}]"}}, {"model": "admin.logentry", "pk": 64, "fields": {"action_time": "2024-03-16T16:14:52.321Z", "user": 1, "content_type": 7, "object_id": "42", "object_repr": "Navy Heart Necklace", "action_flag": 1, "change_message": "[{\"added\": {}}]"}}, {"model": "admin.logentry", "pk": 65, "fields": {"action_time": "2024-03-17T02:26:33.904Z", "user": 1, "content_type": 15, "object_id": "3", "object_repr": "Necklace", "action_flag": 3, "change_message": ""}}, {"model": "auth.permission", "pk": 1, "fields": {"name": "Can add log entry", "content_type": 1, "codename": "add_logentry"}}, {"model": "auth.permission", "pk": 2, "fields": {"name": "Can change log entry", "content_type": 1, "codename": "change_logentry"}}, {"model": "auth.permission", "pk": 3, "fields": {"name": "Can delete log entry", "content_type": 1, "codename": "delete_logentry"}}, {"model": "auth.permission", "pk": 4, "fields": {"name": "Can view log entry", "content_type": 1, "codename": "view_logentry"}}, {"model": "auth.permission", "pk": 5, "fields": {"name": "Can add permission", "content_type": 2, "codename": "add_permission"}}, {"model": "auth.permission", "pk": 6, "fields": {"name": "Can change permission", "content_type": 2, "codename": "change_permission"}}, {"model": "auth.permission", "pk": 7, "fields": {"name": "Can delete permission", "content_type": 2, "codename": "delete_permission"}}, {"model": "auth.permission", "pk": 8, "fields": {"name": "Can view permission", "content_type": 2, "codename": "view_permission"}}, {"model": "auth.permission", "pk": 9, "fields": {"name": "Can add group", "content_type": 3, "codename": "add_group"}}, {"model": "auth.permission", "pk": 10, "fields": {"name": "Can change group", "content_type": 3, "codename": "change_group"}}, {"model": "auth.permission", "pk": 11, "fields": {"name": "Can delete group", "content_type": 3, "codename": "delete_group"}}, {"model": "auth.permission", "pk": 12, "fields": {"name": "Can view group", "content_type": 3, "codename": "view_group"}}, {"model": "auth.permission", "pk": 13, "fields": {"name": "Can add user", "content_type": 4, "codename": "add_user"}}, {"model": "auth.permission", "pk": 14, "fields": {"name": "Can change user", "content_type": 4, "codename": "change_user"}}, {"model": "auth.permission", "pk": 15, "fields": {"name": "Can delete user", "content_type": 4, "codename": "delete_user"}}, {"model": "auth.permission", "pk": 16, "fields": {"name": "Can view user", "content_type": 4, "codename": "view_user"}}, {"model": "auth.permission", "pk": 17, "fields": {"name": "Can add content type", "content_type": 5, "codename": "add_contenttype"}}, {"model": "auth.permission", "pk": 18, "fields": {"name": "Can change content type", "content_type": 5, "codename": "change_contenttype"}}, {"model": "auth.permission", "pk": 19, "fields": {"name": "Can delete content type", "content_type": 5, "codename": "delete_contenttype"}}, {"model": "auth.permission", "pk": 20, "fields": {"name": "Can view content type", "content_type": 5, "codename": "view_contenttype"}}, {"model": "auth.permission", "pk": 21, "fields": {"name": "Can add session", "content_type": 6, "codename": "add_session"}}, {"model": "auth.permission", "pk": 22, "fields": {"name": "Can change session", "content_type": 6, "codename": "change_session"}}, {"model": "auth.permission", "pk": 23, "fields": {"name": "Can delete session", "content_type": 6, "codename": "delete_session"}}, {"model": "auth.permission", "pk": 24, "fields": {"name": "Can view session", "content_type": 6, "codename": "view_session"}}, {"model": "auth.permission", "pk": 25, "fields": {"name": "Can add product", "content_type": 7, "codename": "add_product"}}, {"model": "auth.permission", "pk": 26, "fields": {"name": "Can change product", "content_type": 7, "codename": "change_product"}}, {"model": "auth.permission", "pk": 27, "fields": {"name": "Can delete product", "content_type": 7, "codename": "delete_product"}}, {"model": "auth.permission", "pk": 28, "fields": {"name": "Can view product", "content_type": 7, "codename": "view_product"}}, {"model": "auth.permission", "pk": 29, "fields": {"name": "Can add customer", "content_type": 8, "codename": "add_customer"}}, {"model": "auth.permission", "pk": 30, "fields": {"name": "Can change customer", "content_type": 8, "codename": "change_customer"}}, {"model": "auth.permission", "pk": 31, "fields": {"name": "Can delete customer", "content_type": 8, "codename": "delete_customer"}}, {"model": "auth.permission", "pk": 32, "fields": {"name": "Can view customer", "content_type": 8, "codename": "view_customer"}}, {"model": "auth.permission", "pk": 33, "fields": {"name": "Can add cart", "content_type": 9, "codename": "add_cart"}}, {"model": "auth.permission", "pk": 34, "fields": {"name": "Can change cart", "content_type": 9, "codename": "change_cart"}}, {"model": "auth.permission", "pk": 35, "fields": {"name": "Can delete cart", "content_type": 9, "codename": "delete_cart"}}, {"model": "auth.permission", "pk": 36, "fields": {"name": "Can view cart", "content_type": 9, "codename": "view_cart"}}, {"model": "auth.permission", "pk": 37, "fields": {"name": "Can add wishlist", "content_type": 10, "codename": "add_wishlist"}}, {"model": "auth.permission", "pk": 38, "fields": {"name": "Can change wishlist", "content_type": 10, "codename": "change_wishlist"}}, {"model": "auth.permission", "pk": 39, "fields": {"name": "Can delete wishlist", "content_type": 10, "codename": "delete_wishlist"}}, {"model": "auth.permission", "pk": 40, "fields": {"name": "Can view wishlist", "content_type": 10, "codename": "view_wishlist"}}, {"model": "auth.permission", "pk": 41, "fields": {"name": "Can add payment", "content_type": 11, "codename": "add_payment"}}, {"model": "auth.permission", "pk": 42, "fields": {"name": "Can change payment", "content_type": 11, "codename": "change_payment"}}, {"model": "auth.permission", "pk": 43, "fields": {"name": "Can delete payment", "content_type": 11, "codename": "delete_payment"}}, {"model": "auth.permission", "pk": 44, "fields": {"name": "Can view payment", "content_type": 11, "codename": "view_payment"}}, {"model": "auth.permission", "pk": 45, "fields": {"name": "Can add order placed", "content_type": 12, "codename": "add_orderplaced"}}, {"model": "auth.permission", "pk": 46, "fields": {"name": "Can change order placed", "content_type": 12, "codename": "change_orderplaced"}}, {"model": "auth.permission", "pk": 47, "fields": {"name": "Can delete order placed", "content_type": 12, "codename": "delete_orderplaced"}}, {"model": "auth.permission", "pk": 48, "fields": {"name": "Can view order placed", "content_type": 12, "codename": "view_orderplaced"}}, {"model": "auth.permission", "pk": 49, "fields": {"name": "Can add repair request", "content_type": 13, "codename": "add_repairrequest"}}, {"model": "auth.permission", "pk": 50, "fields": {"name": "Can change repair request", "content_type": 13, "codename": "change_repairrequest"}}, {"model": "auth.permission", "pk": 51, "fields": {"name": "Can delete repair request", "content_type": 13, "codename": "delete_repairrequest"}}, {"model": "auth.permission", "pk": 52, "fields": {"name": "Can view repair request", "content_type": 13, "codename": "view_repairrequest"}}, {"model": "auth.permission", "pk": 53, "fields": {"name": "Can add blog", "content_type": 14, "codename": "add_blog"}}, {"model": "auth.permission", "pk": 54, "fields": {"name": "Can change blog", "content_type": 14, "codename": "change_blog"}}, {"model": "auth.permission", "pk": 55, "fields": {"name": "Can delete blog", "content_type": 14, "codename": "delete_blog"}}, {"model": "auth.permission", "pk": 56, "fields": {"name": "Can view blog", "content_type": 14, "codename": "view_blog"}}, {"model": "auth.permission", "pk": 57, "fields": {"name": "Can add customization", "content_type": 15, "codename": "add_customization"}}, {"model": "auth.permission", "pk": 58, "fields": {"name": "Can change customization", "content_type": 15, "codename": "change_customization"}}, {"model": "auth.permission", "pk": 59, "fields": {"name": "Can delete customization", "content_type": 15, "codename": "delete_customization"}}, {"model": "auth.permission", "pk": 60, "fields": {"name": "Can view customization", "content_type": 15, "codename": "view_customization"}}, {"model": "auth.user", "pk": 1, "fields": {"password": "pbkdf2_sha256$600000$Q4oDdh45VDTAiHh5nMO10T$cITWLCoCB5HdVV2NVqGaTlBA/3Z6VZXRhM5x2fmI3jQ=", "last_login": "2024-03-13T15:35:11.624Z", "is_superuser": true, "username": "root", "first_name": "", "last_name": "", "email": "begasneha@gmail.com", "is_staff": true, "is_active": true, "date_joined": "2023-11-05T07:13:12Z", "groups": [], "user_permissions": []}}, {"model": "auth.user", "pk": 3, "fields": {"password": "pbkdf2_sha256$600000$SpAr2WxvkavcF9lCtA9X4x$WA0lO10VIImH1pI2EAwt+EdhmSurURttpiyrETHLIyE=", "last_login": null, "is_superuser": false, "username": "Sneha", "first_name": "", "last_name": "", "email": "begasneha@gmail.com", "is_staff": false, "is_active": true, "date_joined": "2023-12-17T15:42:08.814Z", "groups": [], "user_permissions": []}}, {"model": "auth.user", "pk": 4, "fields": {"password": "pbkdf2_sha256$600000$yMoymM3fJTGi8vB8MI3fZC$+/S4iYOniKkUX85TWuWWpgGFvtS0HGOGDMG01q3t758=", "last_login": null, "is_superuser": false, "username": "Ranzoo", "first_name": "", "last_name": "", "email": "ranz@gmail.com", "is_staff": false, "is_active": true, "date_joined": "2024-01-03T16:43:46.920Z", "groups": [], "user_permissions": []}}, {"model": "auth.user", "pk": 5, "fields": {"password": "pbkdf2_sha256$600000$XF2AH0VSH2fLvuGhZOYm2n$imcllxmiJpgcnJLCXbvmE/lZmXXzveDs/UPrh+CULLs=", "last_login": null, "is_superuser": false, "username": "Neha", "first_name": "", "last_name": "", "email": "neha@gmail.com", "is_staff": false, "is_active": true, "date_joined": "2024-02-09T17:47:41.839Z", "groups": [], "user_permissions": []}}, {"model": "auth.user", "pk": 6, "fields": {"password": "pbkdf2_sha256$600000$3ohEa2lpv2V1K2QRRwgSGF$VlzvPEvbY2ZRoPdYObZBMu2MsXZBKH4s2aq+Szaov3E=", "last_login": null, "is_superuser": false, "username": "wow", "first_name": "", "last_name": "", "email": "wow@gmail.com", "is_staff": false, "is_active": true, "date_joined": "2024-02-09T17:48:44.200Z", "groups": [], "user_permissions": []}}, {"model": "auth.user", "pk": 7, "fields": {"password": "pbkdf2_sha256$600000$Zo4fUhRFiPTF6AKBTeV24W$2NIDmW6JixBDLri7zoY58PXnMMiAkyYGlwjf3i2cQ7U=", "last_login": "2024-02-27T02:06:55.472Z", "is_superuser": false, "username": "Sniti", "first_name": "", "last_name": "", "email": "Begasniti@gmail.com", "is_staff": false, "is_active": true, "date_joined": "2024-02-24T12:25:00.103Z", "groups": [], "user_permissions": []}}, {"model": "auth.user", "pk": 8, "fields": {"password": "pbkdf2_sha256$600000$WEKXJqlUem7RQoGvlQ1iFv$9aLX92Lesl/lzBsebg/zDttsAiw9sFBMz7V5/bis/WY=", "last_login": null, "is_superuser": true, "username": "admin", "first_name": "", "last_name": "", "email": "", "is_staff": true, "is_active": true, "date_joined": "2024-03-03T16:26:13.940Z", "groups": [], "user_permissions": []}}, {"model": "auth.user", "pk": 9, "fields": {"password": "pbkdf2_sha256$600000$U5AqkrrW4DgPN83NFCUpP5$w7C3e2theKIi6EQ292K+1CgYTTHscYiviOY7RsJj620=", "last_login": null, "is_superuser": true, "username": "BDAdmin", "first_name": "", "last_name": "", "email": "", "is_staff": true, "is_active": true, "date_joined": "2024-03-03T16:33:34.809Z", "groups": [], "user_permissions": []}}, {"model": "contenttypes.contenttype", "pk": 1, "fields": {"app_label": "admin", "model": "logentry"}}, {"model": "contenttypes.contenttype", "pk": 2, "fields": {"app_label": "auth", "model": "permission"}}, {"model": "contenttypes.contenttype", "pk": 3, "fields": {"app_label": "auth", "model": "group"}}, {"model": "contenttypes.contenttype", "pk": 4, "fields": {"app_label": "auth", "model": "user"}}, {"model": "contenttypes.contenttype", "pk": 5, "fields": {"app_label": "contenttypes", "model": "contenttype"}}, {"model": "contenttypes.contenttype", "pk": 6, "fields": {"app_label": "sessions", "model": "session"}}, {"model": "contenttypes.contenttype", "pk": 7, "fields": {"app_label": "beadaz", "model": "product"}}, {"model": "contenttypes.contenttype", "pk": 8, "fields": {"app_label": "beadaz", "model": "customer"}}, {"model": "contenttypes.contenttype", "pk": 9, "fields": {"app_label": "beadaz", "model": "cart"}}, {"model": "contenttypes.contenttype", "pk": 10, "fields": {"app_label": "beadaz", "model": "wishlist"}}, {"model": "contenttypes.contenttype", "pk": 11, "fields": {"app_label": "beadaz", "model": "payment"}}, {"model": "contenttypes.contenttype", "pk": 12, "fields": {"app_label": "beadaz", "model": "orderplaced"}}, {"model": "contenttypes.contenttype", "pk": 13, "fields": {"app_label": "beadaz", "model": "repairrequest"}}, {"model": "contenttypes.contenttype", "pk": 14, "fields": {"app_label": "beadaz", "model": "blog"}}, {"model": "contenttypes.contenttype", "pk": 15, "fields": {"app_label": "beadaz", "model": "customization"}}, {"model": "sessions.session", "pk": "5gd8bbe3v1kk543vv62j6b0be3q3cgvx", "fields": {"session_data": ".eJxVjEEOgjAQRe_StWkcOrTFpXvOQGY6U4saSCisjHdXEha6_e-9_zIDbWsZtqrLMIq5GDCn340pPXTagdxpus02zdO6jGx3xR602n4WfV4P9--gUC3fGtVlhMyhA8Amt9wiSuyyQJCYPXg-M8cUgleNiuQ8qCBB44idODbvD-O7ODI:1r5M5N:pP8lX4en3Jy77TXTjpV_s_y1vHotwtqNQmIQZ9Uygek", "expire_date": "2023-12-05T08:26:21.493Z"}}, {"model": "sessions.session", "pk": "911nvini8wane4rodqv1rn64tyu7gatx", "fields": {"session_data": ".eJxVjEEOwiAQRe_C2hAQioNL956BzDCDVA1NSrsy3l2bdKHb_977L5VwXWpau8xpZHVWVh1-N8L8kLYBvmO7TTpPbZlH0puid9r1dWJ5Xnb376Bir99a-Agg4kHQk7CxeXAumsKCGEk8hYKZLcRC4WSN42Kdj5BlMAEcgHp_ABe3OKI:1rf02T:lkrxQrQ7vKFaeIcc4klcMMYKw9hc-lhYae5b6GxWAMk", "expire_date": "2024-03-12T16:10:41.438Z"}}, {"model": "sessions.session", "pk": "au9b65ous21cnec3uqdwgb6lrvl2dwb4", "fields": {"session_data": ".eJxVjEEOwiAQRe_C2hAQioNL956BzDCDVA1NSrsy3l2bdKHb_977L5VwXWpau8xpZHVWVh1-N8L8kLYBvmO7TTpPbZlH0puid9r1dWJ5Xnb376Bir99a-Agg4kHQk7CxeXAumsKCGEk8hYKZLcRC4WSN42Kdj5BlMAEcgHp_ABe3OKI:1rcTRz:qNS-1yQexKj6YYhD5i3e4cmSbcjyBcPw_T8spGT6A-0", "expire_date": "2024-03-05T16:58:35.706Z"}}, {"model": "sessions.session", "pk": "bdciqw5kuq3e1uxkcos5btekchqw5zys", "fields": {"session_data": ".eJxVjEEOwiAQRe_C2hAQioNL956BzDCDVA1NSrsy3l2bdKHb_977L5VwXWpau8xpZHVWVh1-N8L8kLYBvmO7TTpPbZlH0puid9r1dWJ5Xnb376Bir99a-Agg4kHQk7CxeXAumsKCGEk8hYKZLcRC4WSN42Kdj5BlMAEcgHp_ABe3OKI:1rkQcw:CqsBwor-r7kn9-9KlC3sPUAmmG4U2ei7aUvlO3y7Yqw", "expire_date": "2024-03-27T15:34:46.556Z"}}, {"model": "sessions.session", "pk": "gfve9c3sfad3zw0ro68svrugz9trkiqz", "fields": {"session_data": ".eJxVjEEOwiAQRe_C2hAQioNL956BzDCDVA1NSrsy3l2bdKHb_977L5VwXWpau8xpZHVWVh1-N8L8kLYBvmO7TTpPbZlH0puid9r1dWJ5Xnb376Bir99a-Agg4kHQk7CxeXAumsKCGEk8hYKZLcRC4WSN42Kdj5BlMAEcgHp_ABe3OKI:1rN9tc:oCk_5nO3W6mq3F2V_1fqdP7-2xoaQO8LVf5F3kqlN8k", "expire_date": "2024-01-23T11:03:48.646Z"}}, {"model": "sessions.session", "pk": "i8i02m5iui23wp5cnzwabatzizpgyjz6", "fields": {"session_data": ".eJxVjEEOwiAQRe_C2hAQioNL956BzDCDVA1NSrsy3l2bdKHb_977L5VwXWpau8xpZHVWVh1-N8L8kLYBvmO7TTpPbZlH0puid9r1dWJ5Xnb376Bir99a-Agg4kHQk7CxeXAumsKCGEk8hYKZLcRC4WSN42Kdj5BlMAEcgHp_ABe3OKI:1rQ8eL:Flm554Y7NAFa01r4tjFQCRNeXu-xf_4cw7hG6-rCPcU", "expire_date": "2024-01-31T16:20:21.195Z"}}, {"model": "sessions.session", "pk": "m8332cwmryfkl9jfkqdep9jr5mxz4mgt", "fields": {"session_data": ".eJxVjEEOgjAQRe_StWkcOrTFpXvOQGY6U4saSCisjHdXEha6_e-9_zIDbWsZtqrLMIq5GDCn340pPXTagdxpus02zdO6jGx3xR602n4WfV4P9--gUC3fGtVlhMyhA8Amt9wiSuyyQJCYPXg-M8cUgleNiuQ8qCBB44idODbvD-O7ODI:1qzvkL:7RRK6i43eHvxnPxooz0Ur--PEkGjgh4kAPyhZ4ulp5A", "expire_date": "2023-11-20T09:18:13.371Z"}}, {"model": "sessions.session", "pk": "nqmswifeerbz9f3eipioc15l5nzpjy7r", "fields": {"session_data": ".eJxVjEEOwiAQRe_C2hAQioNL956BzDCDVA1NSrsy3l2bdKHb_977L5VwXWpau8xpZHVWVh1-N8L8kLYBvmO7TTpPbZlH0puid9r1dWJ5Xnb376Bir99a-Agg4kHQk7CxeXAumsKCGEk8hYKZLcRC4WSN42Kdj5BlMAEcgHp_ABe3OKI:1raRxO:ltShAbw6vupouinekjmcEvXBFvaB7OcChf8Yy_1ocX8", "expire_date": "2024-02-29T02:58:38.438Z"}}, {"model": "sessions.session", "pk": "otffogvap7kp6f15nybktg7dvy9wqb5g", "fields": {"session_data": ".eJxVjEEOwiAQRe_C2hAQioNL956BzDCDVA1NSrsy3l2bdKHb_977L5VwXWpau8xpZHVWVh1-N8L8kLYBvmO7TTpPbZlH0puid9r1dWJ5Xnb376Bir99a-Agg4kHQk7CxeXAumsKCGEk8hYKZLcRC4WSN42Kdj5BlMAEcgHp_ABe3OKI:1rXfWs:_PO6LkVSJ3e7kiALzUDv5U6yecT2_WSPoDJHkpPszEI", "expire_date": "2024-02-21T10:51:46.200Z"}}, {"model": "sessions.session", "pk": "q4qym2mcda6nn3p95syet8kirhv1bb7s", "fields": {"session_data": ".eJxVjEEOgjAQRe_StWkcOrTFpXvOQGY6U4saSCisjHdXEha6_e-9_zIDbWsZtqrLMIq5GDCn340pPXTagdxpus02zdO6jGx3xR602n4WfV4P9--gUC3fGtVlhMyhA8Amt9wiSuyyQJCYPXg-M8cUgleNiuQ8qCBB44idODbvD-O7ODI:1rAUk7:-_pAOu0R-VNHmlnbPom_lTy8lBet1-_xmSyIOPNYCi8", "expire_date": "2023-12-19T12:41:39.520Z"}}, {"model": "sessions.session", "pk": "qyrodeeaa512mgvgxuwo2d6e6dlpwycm", "fields": {"session_data": ".eJxVjEEOwiAQRe_C2hAQioNL956BzDCDVA1NSrsy3l2bdKHb_977L5VwXWpau8xpZHVWVh1-N8L8kLYBvmO7TTpPbZlH0puid9r1dWJ5Xnb376Bir99a-Agg4kHQk7CxeXAumsKCGEk8hYKZLcRC4WSN42Kdj5BlMAEcgHp_ABe3OKI:1rfMi7:z4JQJiTzAQhumgdQ5EUcCE0FiDAv2aF8qfUdj0WB6ro", "expire_date": "2024-03-13T16:23:11.452Z"}}, {"model": "sessions.session", "pk": "zss0pvr9ocmgiyhlqakyvfr4mbh4vodz", "fields": {"session_data": ".eJxVjEEOwiAQRe_C2hAQioNL956BzDCDVA1NSrsy3l2bdKHb_977L5VwXWpau8xpZHVWVh1-N8L8kLYBvmO7TTpPbZlH0puid9r1dWJ5Xnb376Bir99a-Agg4kHQk7CxeXAumsKCGEk8hYKZLcRC4WSN42Kdj5BlMAEcgHp_ABe3OKI:1rkQdL:bqRyjZ_TT4azbWYmErBCiy-vGQ7qr_6TiAHHrws3X0U", "expire_date": "2024-03-27T15:35:11.631Z"}}, {"model": "beadaz.product", "pk": 2, "fields": {"title": "Blue PhoneCharm", "selling_price": 240.0, "discounted_price": 200.0, "description": "A phone charm is a tiny decorative accessory designed to hang from a smartphone's audio jack or case. Typically made of various materials, such as plastic, metal, or fabric, these charms add a personalized touch to your device and serve as a stylish and fun way to express your personality or interests.", "composition": "Beads, Charm, Phone Strap", "prodapp": "accessory designed to hang from a smartphone's audio jack or case", "category": "PC", "product_image": "product/pc.jpg"}}, {"model": "beadaz.product", "pk": 3, "fields": {"title": "Couple Bracelet", "selling_price": 200.0, "discounted_price": 180.0, "description": "A couple's bead bracelet is a charming and sentimental piece of jewelry designed to be worn by two people in a romantic relationship. This bracelet typically features two separate strands or sections, each with matching beads or charms that symbolize the connection between the couple.", "composition": "beads", "prodapp": "-", "category": "BB", "product_image": "product/couplebracelet.jpg"}}, {"model": "beadaz.product", "pk": 4, "fields": {"title": "Waist bead", "selling_price": 230.0, "discounted_price": 210.0, "description": "A waist beaded chain, also known as a waist bead or belly bead chain, is a decorative piece of jewelry traditionally worn around the waist or hips. It consists of a string or chain adorned with small beads, gemstones, or charms.", "composition": "beads, chain", "prodapp": "waist bead or belly bead chain", "category": "WC", "product_image": "product/Green_Waist_Chain_Idea.jpg"}}, {"model": "beadaz.product", "pk": 5, "fields": {"title": "Ring", "selling_price": 130.0, "discounted_price": 110.0, "description": "-", "composition": "-", "prodapp": "-", "category": "BR", "product_image": "product/ring.jpg"}}, {"model": "beadaz.product", "pk": 6, "fields": {"title": "Waist Chain", "selling_price": 250.0, "discounted_price": 230.0, "description": "A waist chain is a piece of jewelry or accessory that is worn around the waist. It typically consists of a chain or series of linked elements that encircles the waist, and it may have additional decorative elements or pendants hanging from it.", "composition": ".", "prodapp": ".", "category": "WC", "product_image": "product/body_jewelry.jpg"}}, {"model": "beadaz.product", "pk": 7, "fields": {"title": "Beads Rings", "selling_price": 50.0, "discounted_price": 30.0, "description": "A beads ring refers to a type of ring that incorporates beads into its design. Beaded rings can be made from various materials, and the beads themselves may come in different shapes, sizes, and colors.", "composition": "beads, elastic nylon wire", "prodapp": ".", "category": "BR", "product_image": "product/beadsring.png"}}, {"model": "beadaz.product", "pk": 8, "fields": {"title": "Necklace", "selling_price": 200.0, "discounted_price": 190.0, "description": "A necklace is a piece of jewelry that is worn around the neck. Necklaces can come in various styles, lengths, and materials, and they have been worn for cultural, religious, ceremonial, and decorative purposes throughout history.", "composition": "beads, chain", "prodapp": "A charming neckware", "category": "NE", "product_image": "product/fairy_pendant_choker.jpg"}}, {"model": "beadaz.product", "pk": 10, "fields": {"title": "Earring", "selling_price": 90.0, "discounted_price": 70.0, "description": "Beaded earrings are earrings that incorporate beads into their design. Beads come in various shapes, sizes, and materials, and they can add color, texture, and style to earrings.", "composition": "..", "prodapp": ".", "category": "ER", "product_image": "product/Crystal_Flower_Earrings.jpg"}}, {"model": "beadaz.product", "pk": 11, "fields": {"title": "Blue Charm Necklace", "selling_price": 240.0, "discounted_price": 200.0, "description": "A bead charms necklace is a type of jewelry that typically features a chain or string adorned with various decorative charms, often in the form of beads. These charms can vary widely in materials, shapes, and designs, allowing for customization and personalization.", "composition": "chain, strings, beads, charms, clasps, extension chains", "prodapp": ".", "category": "NE", "product_image": "product/neck.jpg"}}, {"model": "beadaz.product", "pk": 12, "fields": {"title": "Fairy Necklace", "selling_price": 230.0, "discounted_price": 210.0, "description": "A bead charms necklace is a type of jewelry that typically features a chain or string adorned with various decorative charms, often in the form of beads. These charms can vary widely in materials, shapes, and designs, allowing for customization and personalization.", "composition": "string, clasp, beads, charms", "prodapp": "Charming neck ware", "category": "NE", "product_image": "product/neckware.jpg"}}, {"model": "beadaz.product", "pk": 13, "fields": {"title": "Gothic Necklace", "selling_price": 280.0, "discounted_price": 250.0, "description": "A gothic necklace is a piece of jewelry that incorporates design elements inspired by the gothic subculture, which often features dark, mysterious, and intricate aesthetics.", "composition": "beads, gothic charms, wires, chain", "prodapp": ".", "category": "NE", "product_image": "product/Gothic_Necklace.jpg"}}, {"model": "beadaz.product", "pk": 14, "fields": {"title": "Men choker", "selling_price": 200.0, "discounted_price": 180.0, "description": "A short necklace for men made using beads and chains.", "composition": ".", "prodapp": ".", "category": "BC", "product_image": "product/12.jpg"}}, {"model": "beadaz.product", "pk": 16, "fields": {"title": "KeyChain", "selling_price": 200.0, "discounted_price": 150.0, "description": "A beaded keychain is a small decorative item made by stringing beads together to create a design that can be attached to keys or other items.", "composition": "Jelly Beads\r\nString or beading wire\r\nKeyring\r\nScissors\r\nOptional: Clasps, jump rings, or other jewelry findings", "prodapp": "you can use it as a keychain on your phone, or keys.", "category": "PC", "product_image": "product/jellycharm.jpg"}}, {"model": "beadaz.product", "pk": 17, "fields": {"title": "Phone Charm", "selling_price": 230.0, "discounted_price": 199.0, "description": "A stylish phone charm crafted from vibrant glass beads and a durable metal clasp. This compact accessory adds flair to your phone, backpack, or keyring. Its eye-catching design and quality materials ensure durability and a touch of personalization to your everyday essentials.", "composition": "Phone starp, beads, charms, beding wire", "prodapp": "You can use phone charm as a accessories to decorate your phone case.", "category": "PC", "product_image": "product/download.jpg"}}, {"model": "beadaz.product", "pk": 18, "fields": {"title": "Shiny charm", "selling_price": 230.0, "discounted_price": 190.0, "description": "A dazzling shiny charm, adorned with brilliant rhinestones and polished metal accents, effortlessly adds a touch of glamour to your belongings.", "composition": "shiny charm, phone strap, stones, gems", "prodapp": "you can attach it to a keychain, bag, or phone, as an elegant accessory that elevates your style with its shimmering allure, making a statement wherever you go.", "category": "PC", "product_image": "product/keychain.jpg"}}, {"model": "beadaz.product", "pk": 19, "fields": {"title": "Pink Peach phone charm", "selling_price": 200.0, "discounted_price": 180.0, "description": "Cute pink peach phone charm/keyring handmade with silver plated wire and acrylic charms with optional personalisation available!", "composition": "Bow charms, Pink Crystal, Key chain, Wire, Tulip charms", "prodapp": "It is used to hang in phone like key chain.", "category": "PC", "product_image": "product/phone_charms.jpg"}}, {"model": "beadaz.product", "pk": 20, "fields": {"title": "Star KeyChain", "selling_price": 200.0, "discounted_price": 170.0, "description": "handmade phone charm that can be attached to your phone or can be used as a keychain to attach to your bag, keys, and more! - available in red, orange, yellow, green, blue, purple, pink ᴗ", "composition": "Star Charms, bow charms and key chain", "prodapp": "handmade phone charm that can be attached to your phone or can be used as a keychain to attach to your bag, keys, and more!", "category": "PC", "product_image": "product/Star_key_chain.jpg"}}, {"model": "beadaz.product", "pk": 21, "fields": {"title": "Clear Heart keychain", "selling_price": 250.0, "discounted_price": 230.0, "description": "handmade items, handle with care and be careful when pulling on charms Shipping - Auspost standard shipping, domestic - Standard processing time is 3-5 days, can sometimes be faster.", "composition": "Charms, Clear Hear, key chain", "prodapp": "handmade keychain that can be attached to your bag, keys, and more", "category": "PC", "product_image": "product/Clear_heart_keychain.jpg"}}, {"model": "beadaz.product", "pk": 22, "fields": {"title": "Star Charm Necklace", "selling_price": 250.0, "discounted_price": 220.0, "description": "Star Charm necklace is made of glass colour star charms which defines the beauty of simple and elegant necklace.", "composition": "charms, stainless chain,  glittery star", "prodapp": "Chain used to wear on neck", "category": "NE", "product_image": "product/star_charn_necklace.jpg"}}, {"model": "beadaz.product", "pk": 23, "fields": {"title": "Aqua Crystal Ring", "selling_price": 150.0, "discounted_price": 130.0, "description": "Wire Wrapped Rings made with Tarnish Resistant Wire ~ The wire used is 20 gauge tarnish-resistant silver wire, or 20 gauge tarnish-resistant gold wire", "composition": "Wire, AquaBlue Crystal", "prodapp": "Rings", "category": "BR", "product_image": "product/blue_ring.jpg"}}, {"model": "beadaz.product", "pk": 24, "fields": {"title": "Star Clips", "selling_price": 150.0, "discounted_price": 119.0, "description": "This Hairslides & Clips item by Beadazzle", "composition": "Star Clips, Charms", "prodapp": "used as hair accessories on hair", "category": "CL", "product_image": "product/Star_hairclips.jpg"}}, {"model": "beadaz.product", "pk": 25, "fields": {"title": "Bracelet", "selling_price": 370.0, "discounted_price": 350.0, "description": "A beaded couple bracelet is a type of jewelry designed to be worn by two people, typically romantic partners, as a symbol of their connection and bond. These bracelets are often handmade and feature small beads threaded onto a string or elastic cord, forming a continuous loop.", "composition": "Beads, string, clasp", "prodapp": "Beaded couple bracelets are often designed to be adjustable to accommodate different wrist sizes, making them suitable for both men and women", "category": "BB", "product_image": "product/couplebracelet_8THZUXM.jpg"}}, {"model": "beadaz.product", "pk": 26, "fields": {"title": "PurpleBlackOnyx", "selling_price": 250.0, "discounted_price": 200.0, "description": "The beaded black onyx bracelet exudes sophistication and elegance with its sleek and minimalist design. Each bead is carefully selected for its deep black color and smooth, polished surface, creating a sense of refinement and luxury. The bracelet is designed to be worn comfortably on the wrist, making it suitable for everyday wear or special occasions.", "composition": "Beads, Wire, clasp", "prodapp": "It is mainly used as a accessories to wear on hands.", "category": "BB", "product_image": "product/blackonyx_purple.jpg"}}, {"model": "beadaz.product", "pk": 27, "fields": {"title": "Shiny Necware", "selling_price": 300.0, "discounted_price": 280.0, "description": "Beaded Shiny Neckware exudes elegance and sophistication with its shimmering beads gracefully adorn the neckline.  Versatile and timeless, Beaded Shiny Neckware adds a touch of glamour to both casual and formal attire, making it the perfect accessory for special occasions or everyday wear.", "composition": "Composed of high-quality glass or crystal beads intricately strung together, this neckwear captivates with its lustrous finish and dazzling sparkle.\r\ncharms, beads, wire, chain, stainless charms", "prodapp": "Accessories to wear on neck as a necklace or choker", "category": "NE", "product_image": "product/neckware_w8BbywP.jpg"}}, {"model": "beadaz.product", "pk": 28, "fields": {"title": "Gold Plated Rings", "selling_price": 150.0, "discounted_price": 120.0, "description": "A beaded wire ring is a delicate and stylish piece of jewelry crafted by wrapping thin wire around a finger and embellishing it with small beads. Typically handmade, these rings showcase intricate designs and colorful accents, making them both elegant and versatile accessories.", "composition": "The composition of a beaded wire ring includes a base of lightweight wire, often sterling silver or copper, which is twisted or braided to form the ring band. Tiny beads, such as glass or gemstone beads, are then carefully threaded onto the wire, adding texture, sparkle, and personality to the finished piece.", "prodapp": "Used as a accessories or jewellery usually wore on fingers", "category": "BR", "product_image": "product/WrappedRings.jpg"}}, {"model": "beadaz.product", "pk": 29, "fields": {"title": "Braided Rings", "selling_price": 150.0, "discounted_price": 120.0, "description": "A braided wire ring is a delicate and stylish piece of jewelry crafted from intertwining strands of wire, forming a unique and intricate braid pattern. Typically minimalist in design, these rings offer a subtle yet elegant adornment for the fingers.", "composition": "Composed of high-quality metals such as sterling silver, gold, or copper, the braided wire ring combines durability with a lightweight feel, ensuring comfort for everyday wear.", "prodapp": "Accessories on fingers", "category": "BR", "product_image": "product/ringBEads.jpg"}}, {"model": "beadaz.product", "pk": 30, "fields": {"title": "CharmNecklace", "selling_price": 300.0, "discounted_price": 280.0, "description": "A charm necklace is a versatile piece of jewelry that typically features a chain adorned with various charms, each holding symbolic significance.Charm necklaces offer a customizable and expressive way to adorn oneself, allowing wearers to curate a collection of charms that tell their unique story in a stylish and elegant manner.", "composition": "Composed of metal alloys like sterling silver or gold-plated brass, the chain secures the necklace around the neck, while the charms, crafted from materials such as enamel, gemstones, or intricately molded metals, dangle delicately from it.", "prodapp": ".", "category": "NE", "product_image": "product/necklaceCharm.jpg"}}, {"model": "beadaz.product", "pk": 31, "fields": {"title": "GoldNecklace", "selling_price": 400.0, "discounted_price": 370.0, "description": "this necklace is a versatile piece of jewelry that typically features a chain adorned with various charms, each holding symbolic significance. These charms can range from whimsical shapes to meaningful symbols, representing personal interests, memories, or aspirations. Charm necklaces offer a customizable and expressive way to adorn oneself, allowing wearers to curate a collection of charms that tell their unique story in a stylish and elegant manner.", "composition": "Composed of metal alloys like sterling silver or gold-plated brass, the chain secures the necklace around the neck, while the charms, crafted from materials such as enamel, gemstones, or intricately molded metals, dangle delicately from it.", "prodapp": ".", "category": "NE", "product_image": "product/goldNecklace.jpg"}}, {"model": "beadaz.product", "pk": 32, "fields": {"title": "Bow Earring", "selling_price": 160.0, "discounted_price": 120.0, "description": "Bow earrings are delicate and charming accessories that add a touch of elegance to any outfit. Typically crafted from high-quality materials such as sterling silver, gold, or rose gold, these earrings feature a bow-shaped design that exudes femininity and sophistication.", "composition": "The composition often includes sparkling gemstones like diamonds or cubic zirconia, enhancing their allure and adding a subtle hint of glamour.", "prodapp": ".", "category": "ER", "product_image": "product/BOWearring.jpg"}}, {"model": "beadaz.product", "pk": 33, "fields": {"title": "Flower Earring", "selling_price": 140.0, "discounted_price": 120.0, "description": "The flower charm earring is a delicate and elegant accessory that adds a touch of whimsy and femininity to any outfit. Featuring a charming floral design, this earring is crafted with meticulous attention to detail, showcasing intricate petals and a dainty center.With its timeless beauty and graceful appeal, the flower charm earring is a versatile piece that effortlessly enhances both casual and formal ensembles.", "composition": "Typically made from high-quality materials such as sterling silver, gold, or stainless steel, the earring may also incorporate sparkling gemstones or colorful enamel accents for added allure.", "prodapp": ".", "category": "ER", "product_image": "product/flowecharm.jpg"}}, {"model": "beadaz.product", "pk": 34, "fields": {"title": "Heart Pearl Earring", "selling_price": 150.0, "discounted_price": 130.0, "description": "Heart pearl earrings exude elegance and romance, blending classic sophistication with modern charm. Crafted delicately, these earrings feature lustrous pearls set within heart-shaped frames, creating a timeless symbol of love and beauty.", "composition": "The composition typically includes high-quality pearls renowned for their radiant luster, set in sterling silver or gold-plated settings for durability and refinement.", "prodapp": ".", "category": "ER", "product_image": "product/heartpearl_earring.jpg"}}, {"model": "beadaz.product", "pk": 35, "fields": {"title": "Heart Earring", "selling_price": 140.0, "discounted_price": 120.0, "description": "Heart pearl earrings exude elegance and romance, blending classic sophistication with modern charm. Crafted delicately, these earrings feature lustrous pearls set within heart-shaped frames, creating a timeless symbol of love and beauty.", "composition": "The composition typically includes high-quality pearls renowned for their radiant luster, set in sterling silver or gold-plated settings for durability and refinement.", "prodapp": ".", "category": "ER", "product_image": "product/heart_earring.png"}}, {"model": "beadaz.product", "pk": 36, "fields": {"title": "WaistChain", "selling_price": 300.0, "discounted_price": 280.0, "description": "A waist chain is a decorative jewelry piece worn around the waist, enhancing the body's silhouette and adding flair to outfits. Typically crafted from durable metals like gold, silver, or stainless steel, waist chains may feature intricate designs such as charms, beads, or gemstones.", "composition": "The composition of a waist chain commonly includes a chain or linked design that wraps around the waist with an adjustable clasp for a comfortable fit.", "prodapp": ".", "category": "WC", "product_image": "product/waistcharm.jpg"}}, {"model": "beadaz.product", "pk": 37, "fields": {"title": "Clip", "selling_price": 120.0, "discounted_price": 100.0, "description": "A beaded clip is a stylish and functional accessory designed to hold hair in place while adding a touch of elegance to hairstyles. The beads, available in various colors, shapes, and sizes, create eye-catching patterns and designs, making each clip unique. With a secure grip and lightweight construction, beaded clips are perfect for adding flair to everyday looks or enhancing formal hairstyles with a touch of sophistication.", "composition": "Composed of small beads strung onto a sturdy metal or plastic base, these clips offer durability and versatility.", "prodapp": ".", "category": "CL", "product_image": "product/beaded_clips.jpg"}}, {"model": "beadaz.product", "pk": 38, "fields": {"title": "Hair Clip", "selling_price": 140.0, "discounted_price": 120.0, "description": "A beaded clip is a stylish and functional accessory designed to hold hair in place while adding a touch of elegance to hairstyles. The beads, available in various colors, shapes, and sizes, create eye-catching patterns and designs, making each clip unique. With a secure grip and lightweight construction, beaded clips are perfect for adding flair to everyday looks or enhancing formal hairstyles with a touch of sophistication.", "composition": "Composed of small beads strung onto a sturdy metal or plastic base, these clips offer durability and versatility.", "prodapp": ".", "category": "CL", "product_image": "product/hairclip.jpg"}}, {"model": "beadaz.product", "pk": 39, "fields": {"title": "Pink Choker", "selling_price": 200.0, "discounted_price": 190.0, "description": "A beaded choker is a stylish and versatile accessory that hugs the neck closely, offering a chic and trendy look. Its adjustable closure ensures a comfortable fit for most neck sizes. Perfect for adding a touch of elegance to casual outfits or enhancing formal attire, the beaded choker is a fashionable statement piece that adds flair and personality to any ensemble.", "composition": "Typically composed of small beads threaded onto a sturdy string or wire, the choker's composition may include a variety of materials such as natural gemstones, glass beads, or metal accents.", "prodapp": ".", "category": "BC", "product_image": "product/summerpink_choker.jpg"}}, {"model": "beadaz.product", "pk": 40, "fields": {"title": "Pearl Choker", "selling_price": 250.0, "discounted_price": 220.0, "description": "A pearl choker is an elegant necklace designed to sit snugly around the neck, accentuating its wearer's neckline with timeless sophistication. Each pearl is meticulously selected for its uniform shape, smooth surface, and iridescent sheen, strung together with delicate thread or wire. Adorned with a clasp for secure fastening, the pearl choker epitomizes timeless elegance and serves as a versatile accessory, effortlessly elevating both casual and formal attire with its understated beauty.", "composition": "Composed of lustrous pearls, typically freshwater or cultured, the choker exudes a classic charm and refined allure.", "prodapp": "Fancy accessories on neck as a choker", "category": "BC", "product_image": "product/pearl_choker.jpg"}}, {"model": "beadaz.product", "pk": 41, "fields": {"title": "Green Beaded Ring", "selling_price": 140.0, "discounted_price": 120.0, "description": "A ring is a circular band worn on the finger, often as an accessory or symbolizing commitment, such as in engagement or wedding rings.  They can also incorporate intricate designs or engravings for personalization. Rings hold cultural and sentimental value, serving as expressions of love, status, or affiliation. Their timeless appeal and diverse compositions make them cherished pieces of jewelry for both everyday wear and special occasions.", "composition": "Typically composed of precious metals like gold, silver, or platinum, rings may feature gemstones such as diamonds, sapphires, or rubies for added adornment and significance.", "prodapp": "A ring is a circular band worn on the finger, often as an accessory or symbolizing commitment, such as in engagement or wedding rings.", "category": "BR", "product_image": "product/SilverRIng.jpg"}}, {"model": "beadaz.product", "pk": 42, "fields": {"title": "Navy Heart Necklace", "selling_price": 300.0, "discounted_price": 250.0, "description": "A navy heart necklace is a piece of jewelry designed to be worn around the neck, typically featuring a heart-shaped pendant in a navy blue color.", "composition": "This navy heart necklace is crafted from durable stainless steel, ensuring longevity and resistance to tarnishing.", "prodapp": "This elegant accessory is perfect for adding a touch of sophistication to any outfit, making it ideal for both casual and formal occasions.", "category": "NE", "product_image": "product/Heart_Intertwined_Necklace.jpg"}}, {"model": "beadaz.customer", "pk": 1, "fields": {"user": 1, "name": "Jennie Kim", "locality": "France", "city": "Paris", "mobile": 99999999999}}, {"model": "beadaz.customer", "pk": 2, "fields": {"user": 1, "name": "hello", "locality": "chabahil", "city": "Kathmandu", "mobile": 233333333333333}}, {"model": "beadaz.customer", "pk": 3, "fields": {"user": 6, "name": "WOW", "locality": "chabahil", "city": "Kathmandu", "mobile": 333333333}}, {"model": "beadaz.customer", "pk": 4, "fields": {"user": 7, "name": "Sniti Bega", "locality": "chabahil", "city": "Kathmandu", "mobile": 9818136692}}, {"model": "beadaz.customer", "pk": 5, "fields": {"user": 5, "name": "Neha Mehanter", "locality": "chabahil", "city": "Kathmandu", "mobile": 1212121212}}, {"model": "beadaz.customer", "pk": 6, "fields": {"user": 4, "name": "Ranjana Mahato", "locality": "chabahil", "city": "Kathmandu", "mobile": 989898989889}}, {"model": "beadaz.customer", "pk": 8, "fields": {"user": 1, "name": "Sniti Bega", "locality": "gangahiti", "city": "kathmandu", "mobile": 9812345687}}, {"model": "beadaz.customer", "pk": 9, "fields": {"user": 1, "name": "Sniti Bega", "locality": "gangahiti", "city": "kathmandu", "mobile": 9812345687}}, {"model": "beadaz.cart", "pk": 5, "fields": {"user": 1, "product": 6, "quantity": 1}}, {"model": "beadaz.cart", "pk": 7, "fields": {"user": 1, "product": 2, "quantity": 1}}, {"model": "beadaz.cart", "pk": 10, "fields": {"user": 1, "product": 6, "quantity": 1}}, {"model": "beadaz.cart", "pk": 13, "fields": {"user": 1, "product": 2, "quantity": 1}}, {"model": "beadaz.cart", "pk": 17, "fields": {"user": 7, "product": 40, "quantity": 1}}, {"model": "beadaz.cart", "pk": 18, "fields": {"user": 1, "product": 6, "quantity": 1}}, {"model": "beadaz.cart", "pk": 19, "fields": {"user": 1, "product": 37, "quantity": 2}}, {"model": "beadaz.wishlist", "pk": 9, "fields": {"user": 1, "product": 24}}, {"model": "beadaz.wishlist", "pk": 11, "fields": {"user": 1, "product": 23}}, {"model": "beadaz.wishlist", "pk": 12, "fields": {"user": 1, "product": 13}}, {"model": "beadaz.wishlist", "pk": 13, "fields": {"user": 1, "product": 3}}, {"model": "beadaz.wishlist", "pk": 14, "fields": {"user": 7, "product": 39}}, {"model": "beadaz.wishlist", "pk": 15, "fields": {"user": 7, "product": 40}}, {"model": "beadaz.wishlist", "pk": 18, "fields": {"user": 1, "product": 37}}, {"model": "beadaz.blog", "pk": 1, "fields": {"title": "Materials used to make a JellyFish Charm", "image": "images/jellycharm.jpg", "content": "Lorem ipsum dolor sit amet, consectetur adipiscing elit, sed do eiusmod tempor incididunt ut labore et dolore magna aliqua. Ut enim ad minim veniam, quis nostrud exercitation ullamco laboris nisi ut aliquip ex ea commodo consequat.\"Lorem ipsum dolor sit amet, consectetur adipiscing elit, sed do eiusmod tempor incididunt ut labore et dolore magna aliqua. Ut enim ad minim veniam, quis nostrud exercitation ullamco laboris nisi ut aliquip ex ea commodo consequat.\"Lorem ipsum dolor sit amet, consectetur adipiscing elit, sed do eiusmod tempor incididunt ut labore et dolore magna aliqua. Ut enim ad minim veniam, quis nostrud exercitation ullamco laboris nisi ut aliquip ex ea commodo consequat.\"Lorem ipsum dolor sit amet, consectetur adipiscing elit, sed do eiusmod tempor incididunt ut labore et dolore magna aliqua. Ut enim ad minim veniam, quis nostrud exercitation ullamco laboris nisi ut aliquip ex ea commodo consequat.\"", "extra_title": null, "is_deleted": false, "created_at": "2024-03-05"}}, {"model": "beadaz.blog", "pk": 2, "fields": {"title": "Brief Details about the beads and the chamrs needed to make a necklace", "image": "images/about1.jpg", "content": "Lorem ipsum dolor sit amet, consectetur adipiscing elit, sed do eiusmod commodo tempor incididunt ut labore et dolore magna aliqua. \"Lorem ipsum dolor sit amet, consectetur adipiscing elit, sed do eiusmod commodo tempor incididunt ut labore et dolore magna aliqua. \"", "extra_title": null, "is_deleted": true, "created_at": "2024-03-05"}}, {"model": "beadaz.blog", "pk": 3, "fields": {"title": "Tutorial to use pilers and close jump ring", "image": "images/blog2.png", "content": "\"Lorem ipsum dolor sit amet, consectetur adipiscing elit, sed do eiusmod tempor incididunt ut labore et dolore magna aliqua. Ut enim ad minim veniam, quis nostrud ex ea commodo consequat.\"\r\n\r\nWilliam Limbu • February 27, 2024Tutorial to use pilers and close jump ring\r\n\"Lorem ipsum dolor sit amet, consectetur adipiscing elit, sed do eiusmod tempor incididunt ut labore et dolore magna aliqua. Ut enim ad minim veniam, quis nostrud ex ea commodo consequat.\"\r\n\r\nWilliam Limbu • February 27, 2024Tutorial to use pilers and close jump ring\r\n\"Lorem ipsum dolor sit amet, consectetur adipiscing elit, sed do eiusmod tempor incididunt ut labore et dolore magna aliqua. Ut enim ad minim veniam, quis nostrud ex ea commodo consequat.\"\r\n\r\nWilliam Limbu • February 27, 2024", "extra_title": "Demo Blog for jumrings", "is_deleted": false, "created_at": "2024-03-05"}}, {"model": "beadaz.customization", "pk": 1, "fields": {"username": "Neha Mehanter", "email": "neha@gmail.com", "phone_num": "9818008791", "product_type": "Choker", "bead_material": "glass", "bead_colour": "Rainbow", "closure_type": "lobster", "length": "25mm", "metal_type": "silver", "shipping_address": "Naxal"}}, {"model": "beadaz.customization", "pk": 2, "fields": {"username": "ranjana", "email": "ranz@gmail.com", "phone_num": "9811237232", "product_type": "Necklace", "bead_material": "crystal", "bead_colour": "Navy Blue", "closure_type": "magnetic", "length": "25mm", "metal_type": "copper", "shipping_address": "Kapan"}}, {"model": "beadaz.customization", "pk": 4, "fields": {"username": "jessie", "email": "jessiJ@gmail.com", "phone_num": "9812783456", "product_type": "Clips", "bead_material": "seedBeads", "bead_colour": "Pink", "closure_type": "magnetic", "length": "none", "metal_type": "silver", "shipping_address": "Chabahil"}}]